Event_id,Rating,People,Review,Name,Price
1,5.0,7,Fabulous,"SPOT ON 64361 Casa Arambol Homestay SPOTNear Deulwada, Goa",₹1231
2,5.0,4,Fabulous,"OYO 23067 Kartik ResortAshvem Beach, Goa",₹1819
3,4.8,340,Excellent,"OYO 6956 Hotel JoaquimNear Snow Park, Baga, Goa








6 people booked this hotel in last 6 hours",₹1917
4,4.8,114,Excellent,"OYO Home 63196 Peaceful Studios CalanguteNear St. Alex Church, Bardez, Goa",₹1882
5,4.8,99,Excellent,"OYO 68736 Dhuni ResortsOpposite Sunset Point, Anjuna Beach Road - Anjuna


Hurry. Only 1 room left",₹1495
6,4.8,21,Excellent,"OYO 22742 Graceful Stay MorjimNear Dadoba Temple, Morjim, Goa


Hurry. Only 1 room left",₹2482
7,4.7,1123,Excellent,"Collection O 39789 Shelsta Holiday ResortNear Calangute - Baga Road, Goa








14 people booked this hotel today",₹4102
8,4.7,794,Excellent,"Capital O 10984 Lagom Comfort DeluxeNear Artjuna, Anjuna, Goa


Hurry. Only 1 room left",₹4597
9,4.7,126,Excellent,"OYO 64285 Shane's Beach ResortNear Baga Beach, Tito's Lane, Goa",₹1977
10,4.7,93,Excellent,"OYO 17094 Pool View StudioSFX Higher secondary School, Uddo Beach, Goa",₹1358
11,4.7,54,Excellent,"SPOT ON 61370 Piya Guest House SPOTNear Khalchawada, Goa


Hurry. Only 1 room left",₹1438
12,4.7,52,Excellent,"OYO Home 69781 Greenfield View Stay CandolimCandolim, Goa",₹2365
13,4.6,930,Excellent,"SPOT ON 40731 Hotel Raviraj Classic SPOTMargao - Quepem Rd, Goa


Hurry. Only 1 room left",₹1014
14,4.6,751,Excellent,"SPOT ON 36887 PS Guest House SPOTNear Little Flower of Jesus High School, Bardez, Goa


Hurry. Only 1 room left",₹871
15,4.6,672,Excellent,"OYO Townhouse 256 Silver Palm ResortNear Induslnd Bank, Novotel, Goa


Hurry. Only 1 room left",₹3420
16,4.6,667,Excellent,"OYO 15125 Modern Studio Near Deltin Royale Near Mall De, Goa",₹1675
17,4.6,636,Excellent,"OYO 10496 Exotic 2 BHKCucheli Charrasta, Siolim, Goa








12 people booked this hotel today",₹1479
18,4.6,601,Excellent,"OYO 24443 Beach Side Studios CalanguteNear Calangute Beach, Goa",₹1759
19,4.6,568,Excellent,"OYO Home 36551 Design Studios Near CalanguteNear Navnath Bhumica Temple, Nagao, Goa








9 people booked this hotel today",₹2728
20,4.6,471,Excellent,"OYO Townhouse 031 Ashvem BeachNear Ashwem Beach, Goa








13 people booked this hotel today",₹3301
21,4.6,332,Excellent,"OYO 5242 Zinho's DeluxeNear Titos Lane, Baga Beach, Goa


Hurry. Only 1 room left",₹3316
22,4.6,270,Excellent,"OYO 12783 Beach facing CottageNear fisherman's Point


Hurry. Only 1 room left",₹2792
23,4.6,237,Excellent,"OYO 24515 Designer StayPilerne Road, Porvorim, Goa",₹946
24,4.6,212,Excellent,"OYO 17334 Sulit ComfortsNear Calangute, Goa


Hurry. Only 1 room left",₹1777
25,4.6,197,Excellent,"OYO Home 64158 Sunshine Studios VagatorNear Corporation Bank, Bardez, Goa",₹1828
26,4.6,182,Excellent,"Capital O 9756 Era Hidden ParadiseOpposite Caju Varo, Ashwem- Mandrem, Goa",₹2117
27,4.6,137,Excellent,"OYO 60359 Radiant Studio Near Vagator BeachNear Vagator Beach, Vagator, Goa


Hurry. Only 1 room left",₹1555
28,4.6,134,Excellent,"OYO Home 63968 Elegant Studio Near Mandovi RiverFish Marketing, Betim, Goa


Hurry. Only 1 room left",₹2031
29,4.6,100,Excellent,"OYO 9378 Home Stay near Baga BeachNear Baga Beach, Goa


Hurry. Only 1 room left",₹1520
30,4.6,76,Excellent,"OYO Home 62991 Peaceful Studio Near CalanguteBardez, Goa",₹1886
31,4.6,68,Excellent,"Capital O 35477 The Long BayNear Morjim Beach, Goa


Hurry. Only 1 room left",₹1978
32,4.6,64,Excellent,"Capital O 63761 LA Blanca Resorts DeluxeAgarwada Rd Mandrem, Goa








17 people booked this hotel in last 6 hours",₹2072
33,4.6,27,Excellent,"OYO 69124 Hotel Lalit Royal Ashvem DeluxeAshvem Beach Road Near Big Baniyan Tree Ashvem, Goa",₹951
34,4.5,337,Excellent,"Capital O 10169 Santiago Beach Resort 2Calangute, Bardez, Goa


Hurry. Only 1 room left",₹3192
35,4.5,311,Excellent,"OYO 13914 Graceful studioKucheli Charrasta, Siolim, Goa


Hurry. Only 1 room left",₹1954
36,4.5,253,Excellent,"OYO 10809 Hotel Tushar InnBaga, Goa








10 people booked this hotel today",₹1750
37,4.5,237,Excellent,"OYO 40237 Luxurious Studios Dona PaulaDona Paula, Goa


Hurry. Only 1 room left",₹1865
38,4.5,155,Excellent,"OYO 7268 KG InnNear Anjuna Beach, Calangute-Anjuna Road, Goa








10 people booked this hotel in last 6 hours",₹1324
39,4.5,146,Excellent,"OYO 26604 Alluring StudioReis Magos, North Goa


Hurry. Only 1 room left",₹1612
40,4.5,141,Excellent,"OYO Home 66780 Spacious Studios BagaSauta Waddo, Mapusa, Goa",₹2205
41,4.5,120,Excellent,"Capital O 61231 Morjim Pride DeluxeMorjim, Goa",₹1401
42,4.5,112,Excellent,"OYO 7454 Hotel Ronaldo'sOpposite La Calypso Casino, Baga, Goa",₹1973
43,4.5,94,Excellent,"OYO 28435 Plantain LeafNear Calangute Beach, Calangute, Goa",₹1835
44,4.5,61,Excellent,"OYO 64889 La Indiana Beach Resort Morjim, Goa",₹1663
45,4.5,44,Excellent,"OYO 46987 Peaceful 2bhk VolvonnemH.No. 1175/1, Volvonnem, Goa",₹1441
46,4.5,40,Excellent,"OYO 23899 Mauryya RegencyVithaldas Vaddo, Morjim, Goa",₹1616
47,4.5,30,Excellent,"OYO Home 67003 Spacious 1bhk MandremAgarwada Rd, Mandrem, Goa",₹1272
48,4.5,21,Excellent,"SPOT ON 68638 Neelkanth Guest House SPOT, Goa",₹1012
49,4.4,1145,Very Good,"Collection O 30034 Flora ResidencyNear Calangute Beach, Goa








6 people booked this hotel in last 6 hours",₹3859
50,4.4,963,Very Good,"OYO Flagship 17197 Hotel Horizon CalanguteNear Central Bank Of India, Calangute, Goa








8 people booked this hotel in last 6 hours",₹2397
51,4.4,679,Very Good,"OYO 12319 Elegant 1BHK Near Vainguinim Beach Dona Paula, Goa


Hurry. Only 1 room left",₹2184
52,4.4,347,Very Good,"OYO 18414 Cosy StudioSaligao Circle, Goa


Hurry. Only 1 room left",₹2391
53,4.4,193,Very Good,"OYO Home 66564 Spacious Studios CalanguteICICI Bank, Calangute, Goa",₹2071
54,4.4,143,Very Good,"Capital O 5996 10 Calangute DeluxeShree Nichaldas Arcade, Calangute, Goa


Hurry. Only 1 room left",₹2826
55,4.4,110,Very Good,"OYO 46308 Flora Villa CandolimFlora Villa, Candolim, Goa


Hurry. Only 1 room left",₹2541
56,4.4,102,Very Good,"OYO 47012 Country Side Inn DeluxeVerrem, Goa


Hurry. Only 1 room left",₹1577
57,4.4,95,Very Good,"OYO 16095 Luxury Studio Star Indian Oil Petrol Pump, Anjuna, Goa",₹1597
58,4.4,91,Very Good,"OYO 14644 Riverview StudioNear Post Office, Siolim, Goa


Hurry. Only 1 room left",₹1461
59,4.4,45,Very Good,"Capital O 64718 Sea Shell Beach Cottages & SuitesNear Arambol Beach, Goa


Hurry. Only 1 room left",₹1740
60,4.4,22,Very Good,"OYO 60478 Sai MaxNear Morjim Church, Agarwad, Goa",₹1014
61,4.3,1452,Very Good,"OYO Flagship 39299 Aqualura Verem RdNear Petrol Pump, Nerul- Candolim Rd, Goa








6 people booked this hotel in last 6 hours",₹2161
62,4.3,1054,Very Good,"Collection O 13623 Baga Villa BomfimNear Baga Beach, Goa








6 people booked this hotel in last 6 hours",₹4224
63,4.3,967,Very Good,"Collection O 48235 The Business Hotel Vasco Stadium SaverNear Vasco Stadium, Goa


Hurry. Only 1 room left",₹2842
64,4.3,740,Very Good,"OYO Townhouse 065 Calangute AguadaNear Full Gospel Church, Goa








11 people booked this hotel today",₹3016
65,4.3,493,Very Good,"Capital O 9829 Meadow View ResortNear JD's Dine Inn, Majorda, Goa


Hurry. Only 1 room left",₹2092
66,4.3,487,Very Good,"Collection O 50230 Hotel Sunrise Agakhan StreetNear Citizen Cooperative Bank, Agakhan Street, Goa








9 people booked this hotel in last 6 hours",₹2527
67,4.3,487,Very Good,"Collection O 13853 Shruti Resort CalanguteNear Calangute Mall, Goa",₹2665
68,4.3,346,Very Good,"OYO 62138 Delightful StayNear Police Station, Agacaim, Goa",₹1297
69,4.3,335,Very Good,"OYO 11950 Relax Holiday HomeAquem Madgaon Road, Goa








20 people booked this hotel today",₹1804
70,4.3,323,Very Good,"OYO 16160 Spacious StayNear ITI Collage Borda, Margao, Goa",₹1216
71,4.3,235,Very Good,"OYO 14532 Hotel Avisha ResidencyNew Vaddem, Vasco Da Gama, Goa








13 people booked this hotel today",₹1804
72,4.3,200,Very Good,"OYO 12993 Pramila Court SaverBehind Red Rosary School, Miramar, Goa


Hurry. Only 1 room left",₹1887
73,4.3,171,Very Good,"OYO 6807 Picnic PlazaChogum Road, Bardez, Goa


Hurry. Only 1 room left",₹1818
74,4.3,91,Very Good,"OYO 5727 Coco HomesCandolim Beach Road, Goa


Hurry. Only 1 room left",₹1598
75,4.3,86,Very Good,"OYO Home 62977 Radiant 1 BHK BagaArpora, Goa",₹2051
76,4.3,54,Very Good,"OYO 47112 Valley View Resort Saligao, Goa",₹1387
77,4.3,37,Very Good,"SPOT ON 66016 Grand Villas 2 SPOTSirvoi, Goa",₹946
78,4.3,33,Very Good,"OYO Home 65259 Field View Studios ArambolGanpat Parsekar College Of Education, Arambol, Goa",₹1012
79,4.3,28,Very Good,"OYO 63631 Hotel Greenview Near Morjai Temple, Morjim, Goa",₹1005
80,4.3,27,Very Good,"OYO 15436 StudioNear Khuske Waterfall, Goa",₹844
81,4.3,11,Very Good,"SPOT ON 67295 Hotel Vaishnav  SPOTDando, Goa",₹1746
82,4.2,821,Very Good,"Collection O 41384 Coco Heritage Beach ResortNear Baga River Lane, Goa








17 people booked this hotel today",₹2113
83,4.2,781,Very Good,"OYO 16641 Ocean View 2BHKQueeny Nagar Circle, Dabolim, Goa








17 people booked this hotel today",₹1374
84,4.2,761,Very Good,"OYO 9291 Boutique 2BHKChogm Road, Saligao, Goa",₹2346
85,4.2,259,Very Good,"OYO 24176 Sea View StayAnjuna Beach, Goa",₹1527
86,4.2,173,Very Good,"OYO Home 63381 Uttam resort Calangute RoadCalangute - Anjuna Rd, Arpora, Goa








6 people booked this hotel in last 6 hours",₹1704
87,4.2,166,Very Good,"OYO 15911 Green View StudioMai's Place, Mapusa, Goa


Hurry. Only 1 room left",₹1014
88,4.2,151,Very Good,"OYO 15252 Garden Studio Calangute BeachNear Vailankini Chapel, Calangute, Goa",₹1216
89,4.2,150,Very Good,"OYO 48381 Elegant Stay In BambolimVasudha Housing Colony, Panjim, Goa


Hurry. Only 1 room left",₹1963
90,4.2,145,Very Good,"SPOT ON 40159 Atharv Coastal And Guest House SPOTNear La-Calypso Casino, Goa",₹1423
91,4.2,134,Very Good,"OYO 17025 Hotel Go GoaKonkan Raiway Station Road, Goa








8 people booked this hotel today",₹1666
92,4.2,121,Very Good,"OYO 9410 Villa MirNear Baga Beach, Titos Lane, Goa


Hurry. Only 1 room left",₹1618
93,4.2,116,Very Good,"OYO 18328 Green View StudioNear Colva Beach, Goa


Hurry. Only 1 room left",₹1633
94,4.2,115,Very Good,"OYO 7288 Traveller Guest HouseTitos Lane, Baga, Goa


Hurry. Only 1 room left",₹1888
95,4.2,101,Very Good,"OYO Home 64191 Radiant Studios BagaNear Baga Rd, Calangute, Goa",₹2206
96,4.2,70,Very Good,"OYO 16582 Oshin Holiday CareNear Maria Hall, Benaulim, Goa",₹1358
97,4.2,58,Very Good,"SPOT ON 64796 Vailankanni Guest House SPOTUmtav Vado, Goa",₹979
98,4.2,46,Very Good,"OYO 16094 2BHK Star Near Anjuna Mapusa Rd, Anjuna, Goa",₹1447
99,4.2,29,Very Good,"OYO 18332 Elegant 2BHKAnjuna, Goa",₹2881
100,4.2,26,Very Good,"OYO 26581 Classic 3 BHKPanjim-Old Goa Road, Goa",₹781
101,4.2,18,Very Good,"OYO 2686 Hotel Shaurya DeluxeNear Panjim Bridge, Goa",₹1563
102,4.1,207,Very Good,"Collection O 50217 Cornerstone CandolimNerul Road, Candolim, Goa


Hurry. Only 1 room left",₹2923
103,4.1,196,Very Good,"OYO 18439 Dazzling 2BHKNear Calangute, Goa",₹1595
104,4.1,192,Very Good,"OYO 776 Royal Heritage ResortCalangute, Goa


Hurry. Only 1 room left",₹2127
105,4.1,188,Very Good,"OYO 23035 Srinivas ResidencyNear Margao Railway Station, Margao, Goa",₹1456
106,4.1,152,Very Good,"OYO 35718 Goaxa InnNear Calangute Beach, Naika Vaddo, Goa








11 people booked this hotel today",₹1646
107,4.1,125,Very Good,"OYO 19112 Caphina Tourist CottagesNear Benaulim Beach Road, Benaulim, Goa",₹1554
108,4.1,112,Very Good,"OYO 45724 Peaceful 1bhk CandolimAnna Vaddo, Candolim, Goa",₹2073
109,4.1,110,Very Good,"OYO 39512 Home Palolem Hills Studios DesignNear Mataji Mandir (Hostel), Goa",₹2158
110,4.1,103,Very Good,"Capital O 66144 Rooh Grand DeluxeBodhi VIllage, Arambol, Goa








8 people booked this hotel today",₹1341
111,4.1,85,Very Good,"OYO 18662 Beach 2BHKFatrade Beach, Colva, Goa",₹1279
112,4.1,55,Very Good,"OYO 12317 Spacious 2bhk Dona PaulaManipal Hospital, Panjim, Goa",₹2625
113,4.1,42,Very Good,"OYO Home 62592 Elegant StayNear AJ Super Market, Saligao, Goa


Hurry. Only 1 room left",₹1639
114,4.1,34,Very Good,"SPOT ON 65087 Gawd’s In Beach Cottages SPOTArambol, Goa",₹1798
115,4.1,31,Very Good,"OYO Home 46896 Beautiful 3BHK BagaNear Casino Palms, Goa


Hurry. Only 1 room left",₹2547
116,4.0,1121,Very Good,"Collection O 400 Calangute Baga CircleNear  Infantaria Bakery, Baga Road, Goa








19 people booked this hotel today",₹2218
117,4.0,778,Very Good,"Collection O 15006 Orritel VillageNear Vagator Beach, Goa








6 people booked this hotel in last 6 hours",₹1778
118,4.0,217,Very Good,"SPOT ON 49614 William's Inn Guest House SPOTNear Bogmalo Beach, Goa


Hurry. Only 1 room left",₹1014
119,4.0,188,Very Good,"OYO Home 65590 Titos Lane 1 Baga BeachGovernment Primary School, Baga, Goa",₹1903
120,4.0,172,Very Good,"OYO 10297 Spacious Stay Near Goa UniversityDona Paula Circle, Dona Paula, Goa


Hurry. Only 1 room left",₹1826
121,4.0,128,Very Good,"OYO 48829 Beautiful 2bhk CalanguteStalex Church, Calangute, Goa",₹2278
122,4.0,121,Very Good,"SPOT ON 44584 Hotel Vaishali Residency SPOTNear Kundai, Goa",₹550
123,4.0,109,Very Good,"OYO 48063 Hotel Royal PalaceAbove Allahabad Bank, City Market, Vasco, Goa








6 people booked this hotel in last 6 hours",₹1361
124,4.0,78,Very Good,"SPOT ON 64783 Hotel Matashree SPOTNear Galgibag Beach, Goa








9 people booked this hotel today",₹702
125,4.0,70,Very Good,"OYO 61648 Goan Delicacy SaverNear Hawai Beach, Goa


Hurry. Only 1 room left",₹1334
126,4.0,67,Very Good,"OYO Home 19549 Modern Stay Aquem - Baixo, Goa",₹1810
127,4.0,48,Very Good,"OYO 67123 Rangel Goan Guest HouseNear Viegas Service Station, Khorlim - Mapusa


Hurry. Only 1 room left",₹967
128,4.0,47,Very Good,"OYO 65955 La VolgaMorjim Beach Road, Morjim, Goa",₹1592
129,3.9,927,Good,"Collection O 15227 Calangute Resort TioNear Calangute Beach, Goa








12 people booked this hotel in last 6 hours",₹1741
130,3.9,521,Good,"Collection O 30082 Baga Alchemy CreekNear Arpora Saturday Night Market, Goa








8 people booked this hotel today",₹3129
131,3.9,403,Good,"OYO 16887 Elegant Stay Near Calangute beachNear Calangute Beach, Goa",₹1443
132,3.9,180,Good,"SPOT ON 61966 Effie's Apartment SPOTNear Colva, Goa


Hurry. Only 1 room left",₹1282
133,3.9,159,Good,"OYO 48127 Suvian Baga DeluxeNear Saunta Vaddo, Calangute-Baga


Hurry. Only 1 room left",₹1606
134,3.9,131,Good,"OYO 8065 Accovah Map5 InnNear Ashvem Beach Bus Stop, Morjim Beach, Goa








12 people booked this hotel today",₹1216
135,3.9,125,Good,"OYO 13361 Field View StudioNear Chogm Road, Porvorim, Goa


Hurry. Only 1 room left",₹2866
136,3.9,61,Good,"OYO 2764 Hotel Manvins InnNear Pizza Hut,Calangute Road, Goa",₹2168
137,3.9,46,Good,"OYO 3273 Eden Garden DeluxeCalangute, Goa


Hurry. Only 1 room left",₹1379
138,3.9,30,Good,"OYO 68026 T Haus DeluxeNear Mall De Goa, Porvorim, Goa


Hurry. Only 1 room left",₹1674
139,3.8,496,Good,"SPOT ON 38006 Hotel City Central SPOTNear HDFC Bank, Ponda, Goa",₹925
140,3.8,393,Good,"OYO 9810 Elegant StudioRamcons Residency, Salcete, Goa








10 people booked this hotel today",₹1247
141,3.8,116,Good,"OYO 47978 Stay In CaranzalamCaranzalam Village, Panajim, Goa


Hurry. Only 1 room left",₹1963
142,3.8,107,Good,"OYO 23532 Stayinn Nest SaverNear St. Anthony Chapel, Calangute,Goa


Hurry. Only 1 room left",₹1373
143,3.8,102,Good,"OYO 64914 Hotel The Pebbles DeluxeCalangute, Goa


Hurry. Only 1 room left",₹2152
144,3.8,100,Good,"OYO 18505 Hotel RukminiNew Vaddem, Vasco da Gama, Goa








9 people booked this hotel today",₹1601
145,3.8,72,Good,"OYO 9672 Casa KevlizCalangute-Baga Road, Baga, Goa",₹1550
146,3.8,52,Good,"OYO Home 18675 Modern Stay Madgaon StationAquem - Baixo, Goa",₹1408
147,3.8,42,Good,"OYO 18352 Elegant 2BHKNear Porvorim Circle, Porvorim, Goa",₹1327
148,3.8,29,Good,"OYO 48814 Rustic Village - By RivasaNear McDonalds Prabhuwada, Calangute",₹1504
149,3.8,11,Good,"OYO 28139 Hotel EmpireNear Pragati B.Ed College, Pernem, Goa",₹994
150,3.7,305,Good,"SPOT ON 37412 Hotel Priti International SPOTNational Highway, Bardez, Goa


Hurry. Only 1 room left",₹1366
151,3.7,293,Good,"Capital O 30965 Baga ResidencyCalangute, Goa",₹2014
152,3.7,263,Good,"OYO Home 14028 Ocean VillaNear Chogum Road, Sangolda, Goa",₹1557
153,3.7,43,Good,"OYO 28452 Alluring Studio NerulNear St. Sebastian Church, Candolim Rd, North Goa


Hurry. Only 1 room left",₹2551
154,3.7,11,Good,"OYO 45983 Savera Holiday HomeNear Club LPK, Candolim, Goa",₹1489
155,3.7,7,Good,"OYO 36888 Sanskruti RetreatNear B.ed.College, Torxem, Goa",₹913
156,3.7,6,Good,"OYO 48339 Zumbrai Savio Guest HouseNear Azaya Beach Resort, Benaulim


Hurry. Only 1 room left",₹1561
157,3.6,84,Good,"OYO 10143 Tahira Beach ResortNear Ashvem Beach, Mandrem, Goa








8 people booked this hotel today",₹1858
158,3.6,56,Good,"OYO 49710 Red Rose Guest HouseNear Palolem Beach, Goa",₹984
159,3.6,38,Good,"OYO 30128 Reddy's Hotel DeluxeCobravaddo, Baga, Goa",₹2559
160,3.6,8,Good,"OYO 65004 La Vihan ResortMorjim, Goa",₹667
161,3.5,217,Good,"OYO 2374 Renton ManorArpora Junction, Baga, Goa








20 people booked this hotel today",₹1771
162,3.5,202,Good,"OYO 16512 Field View StudioMaiden Meadows, Utorda, Goa


Hurry. Only 1 room left",₹1405
163,3.5,47,Good,"OYO 63283 Shakti PalaceShanti Nagar, Goa",₹1487
164,3.5,30,Good,"OYO 40637 Seagull ResortNear Captain of Ports, Caeiro Bunder, Betul Goa",₹1014
165,3.4,199,Fair,"OYO 3043 Grande Ave Maria ResortNear Candolim Beach Road, Camotim Vaddo, Candolim








12 people booked this hotel in last 6 hours",₹1702
166,3.4,158,Fair,"SPOT ON 16005 Sunshine Homes SPOTNear Rodrigues Ward, Cavelossim, Goa",₹1216
167,3.4,94,Fair,"OYO 27603 Flamingo'sNear Trinity Beach, Goa


Hurry. Only 1 room left",₹1472
168,3.4,93,Fair,"OYO 2693 Evershine GuesthouseNear Anjuna Beach Road, Anjuna, Goa",₹1262
169,3.4,32,Fair,"OYO Home 47510 Peaceful Stay ParraNear Don Bosco Youth Welfare Centre, Verla, Goa


Hurry. Only 1 room left",₹2059
170,3.4,12,Fair,"OYO 15944 New Ocean RideNear Calangute Anjuna Road, Goa


Hurry. Only 1 room left",₹1754
171,3.4,10,Fair,"OYO Home 68812 Radiant Studios ParraParra Bardez, Goa",₹1414
172,3.3,39,Fair,"SPOT ON 60009 Grand Hidden Village SPOTArambol, Goa


Hurry. Only 1 room left",₹551
173,3.2,6,Fair,"OYO Home 65250 Spacious 1 BHK MandremBandeshwar Temple, Mandrem, Goa


Hurry. Only 1 room left",₹1014
174,3.2,5,Fair,"OYO 22417 Pleasure InnNear Morjim Beach Road, Goa",₹1889
175,3.1,66,Fair,"OYO 48159 Bogmalo Heights Holiday  DeluxeNear Queeny Estate, Bogmalo, Goa


Hurry. Only 1 room left",₹1981
176,3.1,54,Fair,"OYO 65852 Blue Ocean PearlKadar Supermarket, Benaulim, Goa


Hurry. Only 1 room left",₹1014
177,3.1,41,Fair,"OYO 7509 O Classio Baga Beach ResortNear Baga Beach, Baga, Goa








9 people booked this hotel today",₹1723
178,3.1,25,Fair,"OYO 23683 Luxurious 2BHK Goa VelhaQueen of Angel Chapel Road, Maina, Goa",₹1237
179,3.1,23,Fair,"OYO Home 63408 Peaceful Studios CalangutePorba Vaddo, Calangute, Goa


Hurry. Only 1 room left",₹2130
180,3.1,8,Fair,"SPOT ON 60207 7 Sea View Inn SPOTNear Arambol Beach Temple, Goa",₹952
181,3.0,50,Fair,"SPOT ON 61339 Swami Samarth Guest House SPOTNear Arambol Beach, Goa








7 people booked this hotel in last 6 hours",₹598
182,3.0,41,Fair,"OYO 19005 Beach View StudioAnjuna, Monteiro Vaddo, Goa


Hurry. Only 1 room left",₹1933
183,3.0,17,Fair,"OYO 9623 Beautiful 5BHKCurtorim, South Goa, Goa",₹762
184,3.0,1,Fair,"SPOT ON 64899 Morjim La Casa SPOTNear Morjim, Goa",₹1357
